0,1,2,3,4,5,6,7,8,9,COUNTRY,ZIP
 1515  Holcombe Boulevard, Texas Medical Center, Houston, Harris County, Texas, 77030, United States,,,,United States, 77030
 East Blackhawk Avenue  Prairie du Chien, Town of Prairie du Chien, Crawford County, Wisconsin, 53821, United States,,,,,United States, 53821
 Westwood Plaza  Westwood Village, Westwood, Los Angeles, Los Angeles County, California, 90095, United States,,,,United States, 90095
 Crawfis Boulevard  Fairlawn, Summit County, Ohio, 44333, United States,NotFound,,,,,United States, 44333
 8700  Beverly Boulevard, West Hollywood, Los Angeles County, California, 90048, United States,,,,,United States, 90048
 1800  Orleans Street, CARE, Baltimore, Maryland, 21287, United States,,,,,United States, 21287
 1111-1133  East Stanley Boulevard, Livermore, Alameda County, California, 94550, United States,,,,,United States, 94550
 55  Fruit Street, West End, Boston, Suffolk County, Massachusetts, 02114, United States,,,,United States, 02114
 2301  Erwin Road, Crest Street, Durham, Durham County, North Carolina, 27710, United States,,,,United States, 27710
 5665  East Mayo Boulevard, Phoenix, Maricopa County, Arizona, 85054, United States,,,,,United States, 85054
5323 Harry Hines Blvd, Texas, United States,NotFound,NotFound,NotFound,,,,,United States,75390
 6565  Fannin Street, Texas Medical Center, Houston, Harris County, Texas, 77030, United States,,,,United States, 77030
 601  Rollins Street, Orlando, Orange County, Florida, 32803, United States,,,,,United States, 32803
 330  Brookline Avenue, Fenway / Kenmore, Boston, Suffolk County, Massachusetts, 02215, United States,,,,United States, 02215
 1653  West Congress Parkway, Illinois Medical District, Near West Side, Chicago, West Chicago Township, Cook County, Illinois, 60612, United States,,United States, 60612
 1211  Medical Center Drive, Nashville-Davidson, Davidson County, Middle Tennessee, Tennessee, 37232, United States,,,,United States, 37232
 1364  Clifton Road Northeast, Emory Highlands, Druid Hills, Atlanta, DeKalb County, Georgia, 30322, United States,,,United States, 30322
 3800  Reservoir Road Northwest, Georgetown, Ward 2, Washington, District of Columbia, 20007, United States,,,,United States, 20007
 101  The City Drive South, Orange, Orange County, California, 92868, United States,,,,,United States, 92868
 3901  Rainbow Boulevard, Rosedale, Kansas City, Wyandotte County, Kansas, 66160, United States,,,,United States, 66160
 1301  Punchbowl Street, Downtown, Hawaii Capital Historic District, Honolulu, Honolulu County, Hawaii, 96813, United States,,,United States, 96813
 505  South 45th Street, Blackstone, Omaha, Douglas County, Nebraska, 68105, United States,,,,United States, 68105
 600  Highland Avenue, Madison, Dane County, Wisconsin, 53792, United States,,,,,United States, 53792
 4500  Cottage Lake Road, Pablo Creek Reserve, Jacksonville, Duval County, Florida, 32224, United States,,,,United States, 32224
 Burholme Avenue  Philadelphia, Philadelphia County, Pennsylvania, 19111, United States,NotFound,,,,,United States, 19111
 1215  Lee Street, Jefferson Park Avenue, Charlottesville, Virginia, 22908, United States,,,,,United States, 22908
 North Walton Street  Deep Ellum PID, Dallas, Dallas County, Texas, 75226, United States,,,,,United States, 75226
 11234  Anderson Street, Loma Linda, San Bernardino County, California, 92354, United States,,,,,United States, 92354
 1250  East Marshall Street, Shockoe Slip, Richmond, Virginia, 23219, United States,,,,,United States, 23219
 1  Medical Center Drive, Lebanon, Grafton County, New Hampshire, 03756, United States,,,,,United States, 03756
 1021  Morehead Medical Drive, Elizabeth, Charlotte, Mecklenburg County, North Carolina, 28204, United States,,,,United States, 28204
 22  South Greene Street, Chinatown, Sowebo, Baltimore, Maryland, 21201, United States,,,,United States, 21201
 4400  West 95th Street, Oak Lawn, Worth Township, Cook County, Illinois, 60453, United States,,,,United States, 60453
 2799  West Grand Boulevard, Henry Ford, New Center, Detroit, Wayne County, Michigan, 48202, United States,,,United States, 48202
 1  Tampa General Circle, Riverside, Tampa, Hillsborough County, Florida, 33606, United States,,,,United States, 33606
 4420  Lake Boone Trail, Tysonville, Raleigh, Wake County, North Carolina, 27607, United States,,,,United States, 27607
 1719  East 19th Avenue, City Park West, Denver, Colorado, 80218, United States,,,,,United States, 80218
 Ellicott Street  Buffalo Niagara Medical Campus, Buffalo, Erie County, New York, 14226, United States,,,,,United States, 14226
 1000  North Westmoreland Road, Lake Forest, Lake County, Illinois, 60045, United States,,,,,United States, 60045
 7703  Floyd Curl Drive, South Texas Medical Center, San Antonio, Bexar County, Texas, 78229, United States,,,,United States, 78229
 5665  Peachtree Dunwoody Road, Atlanta, Fulton County, Georgia, 30342, United States,,,,,United States, 30342
 1  Massachusetts Avenue, South End, Boston, Suffolk County, Massachusetts, 02118, United States,,,,United States, 02118
 Hospital Center Drive Northwest  Ward 5, Washington, District of Columbia, 20422, United States,NotFound,,,,,United States, 20422
 4800  Friendship Avenue, Bloomfield, Pittsburgh, Allegheny County, Pennsylvania, 15224, United States,,,,United States, 15224
 3601  West 13 Mile Road, Royal Oak, Oakland County, Michigan, 48073, United States,,,,,United States, 48073
 9888  Genesee Avenue, University City, San Diego, San Diego County, California, 92037, United States,,,,United States, 92037
 1900  North Higley Road, Gilbert, Maricopa County, Arizona, 85234, United States,,,,,United States, 85234
 2500  Metrohealth Drive, Brooklyn Centre, Cleveland, Cuyahoga County, Ohio, 44109, United States,,,,United States, 44109
 Yadkin Valley Road  Valley Oaks, Davie County, North Carolina, 27006, United States,NotFound,,,,,United States, 27006
 1000  Johnson Ferry Parkway, Atlanta, Fulton County, Georgia, 30342, United States,,,,,United States, 30342
 2160  South 1st Avenue, Maywood, Proviso Township, Cook County, Illinois, 60153, United States,,,,United States, 60153
 1501  North Campbell Avenue, North University, Tucson, Pima County, Arizona, 85724, United States,,,,United States, 85724
 602  Indiana Avenue, Lubbock, Lubbock County, Texas, 79415, United States,,,,,United States, 79415
 1600  Depot Avenue Rails-to-Trails Bike Path, Gainesville, Alachua County, Florida, 32608, United States,,,,,United States, 32608
 500  University Drive, Hershey, Dauphin County, Pennsylvania, 17033, United States,,,,,United States, 17033
 2121  Santa Monica Boulevard, Santa Monica, Los Angeles County, California, 90404, United States,,,,,United States, 90404
 1325  South Cliff Avenue, Sioux Falls, Sioux Falls Township, Minnehaha County, South Dakota, 57105, United States,,,,United States, 57105
 550  Peachtree Street Northeast, Old Fourth Ward, Atlanta, Fulton County, Georgia, 30308, United States,,,,United States, 30308
 800  Washington Street, Bay Village, Boston, Suffolk County, Massachusetts, 02111, United States,,,,United States, 02111
 846-856  West Nelson Street, Lake View, Chicago, Lake View Township, Cook County, Illinois, 60657, United States,,,United States, 60657
 7901  Frost Street, Serra Mesa, San Diego, San Diego County, California, 92123, United States,,,,United States, 92123
 2211  Lomas Boulevard Northeast, Nob Hill, Albuquerque, Bernalillo County, New Mexico, 87106, United States,,,,United States, 87106
 9951  West Saint Luke's Drive, Nampa, Canyon County, Idaho, 83687, United States,,,,,United States, 83687
 600  Gresham Drive, Norfolk, Virginia, 23507, United States,NotFound,,,,,United States, 23507
 1520  North Senate Avenue, Fayette Street Conservation Area, Indianapolis, Marion County, Indiana, 46204, United States,,,,United States, 46204
 East Hancock Street  Medical Center, Midtown, Detroit, Wayne County, Michigan, 48201, United States,,,,United States, 48201
 1  Hoag Drive, Newport Beach, Orange County, California, 92663, United States,,,,,United States, 92663
 750  East Adams Street, University Hill, City of Syracuse, Onondaga County, New York, 13210, United States,,,,United States, 13210
 1500  Southwest 10th Avenue, Topeka, Shawnee County, Kansas, 66606, United States,,,,,United States, 66606
 Bon Air Road  Skylark, Marin County, California, 94904, United States,NotFound,,,,,United States, 94904
 3300  Gallows Road, Strathmeade Springs, West Falls Church, Fairfax County, Virginia, 22042, United States,,,,United States, 22042
 555  North Duke Street, Ross, Lancaster, Lancaster County, Pennsylvania, 17602, United States,,,,United States, 17602
 10101  RidgeGate Parkway, Lone Tree, Douglas County, Colorado, 80124, United States,,,,,United States, 80124
 4420  Lake Boone Trail, Tysonville, Raleigh, Wake County, North Carolina, 27607, United States,,,,United States, 27607
 Weston  Broward County, Florida, 33331, United States,NotFound,NotFound,,,,,United States, 33331
 1775  Luther Lane, Park Ridge, Maine Township, Cook County, Illinois, 60068, United States,,,,United States, 60068
 6701  North Charles Street, Towson, Baltimore County, Maryland, 21204, United States,,,,,United States, 21204
 3615  19th Street, Lubbock, Lubbock County, Texas, 79410, United States,,,,,United States, 79410
 1111  East McDowell Road, North Garfield, Phoenix, Maricopa County, Arizona, 85006, United States,,,,United States, 85006
 1  Widener Court, Headley Green, Lexington, Fayette County, Kentucky, 40504, United States,,,,United States, 40504
 7777  Forest Lane, Dallas, Dallas County, Texas, 75230, United States,,,,,United States, 75230
 800  East 28th Street, Midtown Phillips, Phillips, Minneapolis, Hennepin County, Minnesota, 55407, United States,,,United States, 55407
 18220  Tomball Parkway, Houston, Harris County, Texas, 77070, United States,,,,,United States, 77070
 703  North Flamingo Road, Pembroke Pines, Broward County, Florida, 33028, United States,,,,,United States, 33028
 1500  Red River Street, Medical District, Austin, Travis County, Texas, 78701, United States,,,,United States, 78701
 4805  Northeast Glisan Street, North Tabor, Portland, Multnomah County, Oregon, 97213, United States,,,,United States, 97213
 1425  North Randall Road, Valley Creek, Elgin, Elgin Township, Kane County, Illinois, 60123, United States,,,United States, 60123
 14555  West National Avenue, New Berlin, Waukesha County, Wisconsin, 53151, United States,,,,,United States, 53151
 1801  North Oregon Street, El Paso, El Paso County, Texas, 79902, United States,,,,,United States, 79902
 Community Memorial Drive  La Grange, Lyons Township, Cook County, Illinois, 60525, United States,,,,,United States, 60525
 18101  Oakwood Boulevard, Snow Woods, Dearborn, Wayne County, Michigan, 48124, United States,,,,United States, 48124
 Grosse Pointe  468, Cadieux Road, Grosse Pointe, Wayne County, Michigan, 48230, United States,,,,United States, 48230
 375  Dixmyth Avenue, University Heights, Clifton Heights–University Heights–Fairview, Cincinnati, Hamilton County, Ohio, 45220, United States,,,United States, 45220
 23845  McBean Parkway, Santa Clarita, Los Angeles County, California, 91355, United States,,,,,United States, 91355
 39000  Bob Hope Drive, Rancho Mirage, Riverside County, California, 92270, United States,,,,,United States, 92270
 900  23rd Street Northwest, The West End, George Washington University, Ward 2, Washington, District of Columbia, 20037, United States,,,United States, 20037
 Verdugo Boulevard  Glendale, Los Angeles County, California, 91020, United States,NotFound,,,,,United States, 91020
 3015  North Ballas Road, Town and Country, Saint Louis County, Missouri, 63131, United States,,,,,United States, 63131
 3401  North Broad Street, Philadelphia, Philadelphia County, Pennsylvania, 19140, United States,,,,,United States, 19140
 3643  Olympic Avenue, Durham, Durham County, North Carolina, 27704, United States,,,,,United States, 27704
 5225  23rd Avenue South, Amber Valley, Fargo, Cass County, North Dakota, 58122, United States,,,,United States, 58122
 1200  South Cedar Crest Boulevard, Allentown, Lehigh County, Pennsylvania, 18105, United States,,,,,United States, 18105
 593  Eddy Street, Providence, Providence County, Rhode Island, 02903, United States,,,,,United States, 02903
 North Loop West Frontage Road  Upper Heights, Houston, Harris County, Texas, 77246, United States,,,,,United States, 77246
 2831  President George Bush Highway, Richardson, Collin County, Texas, 75082, United States,,,,,United States, 75082
 14502  West Meeker Boulevard, Sun City West, Maricopa County, Arizona, 85375, United States,,,,,United States, 85375
 1120  15th Street, Augusta, Richmond County, Georgia, 30912, United States,,,,,United States, 30912
 15031  Rinaldi Street, Mission Hills Neighborhood Council District, Los Angeles, Los Angeles County, California, 91345, United States,,,,United States, 91345
 1514  Jefferson Highway, Jefferson, New Orleans, Jefferson Parish, Louisiana, 70121, United States,,,,United States, 70121
 801  Ostrum Street, Bethlehem, Lehigh County, Pennsylvania, 18015, United States,,,,,United States, 18015
 1740  West Taylor Street, Illinois Medical District, Near West Side, Chicago, West Chicago Township, Cook County, Illinois, 60612, United States,,United States, 60612
 450  State Route 22, Lake Barrington, Cuba, Lake County, Illinois, 60010, United States,,,,United States, 60010
 1555  South Barrington Road, Hoffman Estates, Schaumburg Township, Cook County, Illinois, 60169, United States,,,,United States, 60169
 611  West Park Street, Urbana, Champaign County, Illinois, 61801, United States,,,,,United States, 61801
 1200  El Camino Real, South San Francisco, San Mateo County, California, 94080, United States,,,,,United States, 94080
 1255  Highway 54 West, Fayetteville, Fayette County, Georgia, 30214, United States,,,,,United States, 30214
 800  Spruce Street, Gayborhood, Center City, Philadelphia, Philadelphia County, Pennsylvania, 19107, United States,,,United States, 19107
 747  Broadway, First Hill, Seattle, King County, Washington, 98122, United States,,,,United States, 98122
 2100  Stantonsburg Road, Medical District, Greenville, Pitt County, North Carolina, 27834, United States,,,,United States, 27834
 East Mountain View Road  Scottsdale, Maricopa County, Arizona, 85258, United States,NotFound,,,,,United States, 85258
 655  West 8th Street, Jacksonville, Duval County, Florida, 32209, United States,,,,,United States, 32209
 701  East Marshall Street, West Chester, Chester County, Pennsylvania, 19380, United States,,,,,United States, 19380
 West Cedar Street  Downtown Akron, West Hill, Akron, Summit County, Ohio, 44307, United States,,,,United States, 44307
 2316  East Meyer Boulevard, Blenheim, Kansas City, Jackson County, Missouri, 64132, United States,,,,United States, 64132
 9100  Babcock Boulevard, Pittsburgh, Allegheny County, Pennsylvania, 15237, United States,,,,,United States, 15237
 1100  9th Avenue, Central Business District, First Hill, Seattle, King County, Washington, 98101, United States,,,United States, 98101
 10180  Southeast Sunnyside Road, Sunnyside, Clackamas County, Oregon, 97015, United States,,,,,United States, 97015
 7600  Beechnut Street, Houston, Harris County, Texas, 77074, United States,,,,,United States, 77074
 Providence Drive  Southfield, Oakland County, Michigan, 48075, United States,NotFound,,,,,United States, 48075
 1060  First Colonial Road, Linkhorn, Virginia Beach, Virginia, 23454, United States,,,,,United States, 23454
 6019  Walnut Grove Road, Memphis, Shelby County, West Tennessee, Tennessee, 38120, United States,,,,United States, 38120
 1375  East 19th Avenue, City Park West, Denver, Colorado, 80218, United States,,,,,United States, 80218
 281  Lincoln Street, Brittan Square, Worcester, Worcester County, Massachusetts, 01605, United States,,,,United States, 01605
 Union Hospital  106, Bow Street, Elkton Heights, Elkton, Cecil County, Maryland, 21921, United States,,,United States, 21921
 1200  Old York Road, Abington Township, Montgomery County, Pennsylvania, 19001, United States,,,,,United States, 19001
 44045  Riverside Parkway, Leesburg, Loudoun County, Virginia, 20176, United States,,,,,United States, 20176
 9333  Caring Way, Downey, Los Angeles County, California, 90242, United States,,,,,United States, 90242
 4940  Eastern Avenue, Baltimore, Maryland, 21224, United States,NotFound,,,,,United States, 21224
 3200  Providence Drive, Anchorage, Alaska, 99515, United States,NotFound,,,,,United States, 99515
 501  South Buena Vista Street, Burbank, Los Angeles County, California, 91505, United States,,,,,United States, 91505
 East Harvard Avenue  Rosedale, Denver, Colorado, 80210, United States,NotFound,,,,,United States, 80210
 2800  10th Avenue North, North Side, Billings, Yellowstone County, Montana, 59101, United States,,,,United States, 59101
 3501  Johnson Street, West Hollywood, Hollywood, Broward County, Florida, 33021, United States,,,,United States, 33021
 1441  North Beckley Avenue, Dallas, Dallas County, Texas, 75203, United States,,,,,United States, 75203
 Radam Lane  Placidena, Austin, Travis County, Texas, 78704, United States,,,,,United States, 78704
 9201  West Thomas Road, Phoenix, Maricopa County, Arizona, 85037, United States,,,,,United States, 85037
 501  East Hampden Avenue, Englewood, Arapahoe County, Colorado, 80113, United States,,,,,United States, 80113
 801  South Milwaukee Avenue, Libertyville, Lake County, Illinois, 60048, United States,,,,,United States, 60048
 1000  East Mountain Boulevard, Fox Hill, Wilkes-Barre, Luzerne County, Pennsylvania, 18711, United States,,,,United States, 18711
 6350  East Galbraith Road, Cincinnati, Sycamore Township, Hamilton County, Ohio, 45243, United States,,,,United States, 45243
 736  Battlefield Boulevard North, Chesapeake, Virginia, 23320, United States,NotFound,,,,,United States, 23320
 3901  West 15th Street, Plano, Collin County, Texas, 75075, United States,,,,,United States, 75075
 Kennestone Hospital Boulevard  Elizabeth, Marietta, Cobb County, Georgia, 30061, United States,,,,,United States, 30061
 450  Northside-Cherokee Boulevard, Canton, Cherokee County, Georgia, 30115, United States,,,,,United States, 30115
 890  Oak Street Southeast, Salem, Marion County, Oregon, 97301, United States,,,,,United States, 97301
 3815  Highland Avenue, Downers Grove, DuPage County, Illinois, 60515, United States,,,,,United States, 60515
 4320  Seminary Road, Piney Court, Patrick Henry, Alexandria West, Alexandria, Virginia, 22304, United States,,,United States, 22304
 315  South Manning Boulevard, Whitehall, City of Albany, Albany County, New York, 12208, United States,,,,United States, 12208
 5301  McAuley Drive, Ypsilanti, Washtenaw County, Michigan, 48197, United States,,,,,United States, 48197
 Dequindre Road  Sterling Heights, Macomb County, Michigan, 48314, United States,NotFound,,,,,United States, 48314
 267  Grant Street, Historic East Side, Bridgeport, Greater Bridgeport Planning Region, Connecticut, 06610, United States,,,,United States, 06610
 1305  West 18th Street, Pettigrew Heights, Sioux Falls, Sioux Falls Township, Minnehaha County, South Dakota, 57115, United States,,,United States, 57115
 232  South Woods Mill Road, Chesterfield, Saint Louis County, Missouri, 63017, United States,,,,,United States, 63017
 6200  West Parker Road, Plano, Collin County, Texas, 75093, United States,,,,,United States, 75093
 2401  West Belvedere Avenue, Levindale, Baltimore, Maryland, 21215, United States,,,,,United States, 21215
 100  Bowman Drive, Sturbridge Lakes, Voorhees Township, Camden County, New Jersey, 08043, United States,,,,United States, 08043
 43  New Scotland Avenue, University Heights, City of Albany, Albany County, New York, 12208, United States,,,,United States, 12208
 79-01  Broadway, Queens County, City of New York, New York, 11373, United States,,,,,United States, 11373
 1350  Walton Way, Augusta, Richmond County, Georgia, 30901, United States,,,,,United States, 30901
 1850  State Street, New Albany, Floyd County, Indiana, 47150, United States,,,,,United States, 47150
 Jr. Hospital of Cook County  1969, West Ogden Avenue, Illinois Medical District, Near West Side, Chicago, West Chicago Township, Cook County, Illinois, 60612, United States, United States, 60612
 4100  River Road, Hawthorne, East China Charter Township, Saint Clair County, Michigan, 48054, United States,,,,United States, 48054
 23625  Pacific Grove-Carmel Highway, Monterey, Monterey County, California, 93940, United States,,,,,United States, 93940
 80  Jesse Hill Junior Drive Southeast, Georgia State, Old Fourth Ward, Atlanta, Fulton County, Georgia, 30303, United States,,,United States, 30303
 3535  Olentangy River Road, Olentangy West, Columbus, Sharon, Franklin County, Ohio, 43214, United States,,,United States, 43214
 701  Grove Road, Greenville, Greenville County, South Carolina, 29601, United States,,,,,United States, 29601
 Saint Vincent Medical Center  West Haven-Sylvan, Washington County, Oregon, 97225, United States,NotFound,,,,,United States, 97225
 1155  Mill Street, Reno, Washoe County, Nevada, 89502, United States,,,,,United States, 89502
 1201  West 38th Street, Heritage, Austin, Travis County, Texas, 78705, United States,,,,United States, 78705
 500  South Cleveland Avenue, Westerville, Sharon, Franklin County, Ohio, 43081, United States,,,,United States, 43081
 18100  Northeast Union Hill Road, Redmond, King County, Washington, 98052, United States,,,,,United States, 98052
 1101  West University Drive, Rochester Hills, Oakland County, Michigan, 48307, United States,,,,,United States, 48307
 1400  East Boulder Street, Colorado Springs, El Paso County, Colorado, 80903, United States,,,,,United States, 80903
 Mahoning Township  Montour County, Pennsylvania, 17822, United States,NotFound,NotFound,,,,,United States, 17822
 16655  Southwest Freeway, Sugar Land, Fort Bend County, Texas, 77479, United States,,,,,United States, 77479
 800  West Central Road, Arlington Heights, Wheeling Township, Cook County, Illinois, 60005, United States,,,,United States, 60005
 5555  Grossmont Center Drive, La Mesa, San Diego County, California, 91942, United States,,,,,United States, 91942
 201  State Street, Erie, Erie County, Pennsylvania, 16550, United States,,,,,United States, 16550
 45  Reade Place, City of Poughkeepsie, Dutchess County, New York, 12601, United States,,,,,United States, 12601
 5121  Intermountain Drive, The Pointe 53rd, Murray, Salt Lake County, Utah, 84107, United States,,,,United States, 84107
 Kenney Avenue  Upper Campus, Eau Claire, Eau Claire County, Wisconsin, 54701, United States,,,,,United States, 54701
 1501  South Potomac Street, Aurora, Arapahoe County, Colorado, 80012, United States,,,,,United States, 80012
 South J Street  Fort Smith, Sebastian County, Arkansas, 72901, United States,NotFound,,,,,United States, 72901
 111  South Front Street, SoMa, Harrisburg, Dauphin County, Pennsylvania, 17101, United States,,,,United States, 17101
 100  West California Boulevard, Pasadena, Los Angeles County, California, 91105, United States,,,,,United States, 91105
 300  Huntington Drive, Arcadia, Los Angeles County, California, 91007, United States,,,,,United States, 91007
 7700  Floyd Curl Drive, South Texas Medical Center, San Antonio, Bexar County, Texas, 78229, United States,,,,United States, 78229
 234  Goodman Street, Pill Hill, Corryville, Cincinnati, Hamilton County, Ohio, 45267, United States,,,United States, 45267
 11109  Parkview Plaza Drive, Fort Wayne, Allen County, Indiana, 46845, United States,,,,,United States, 46845
 400  West Pueblo Street, Santa Barbara, Santa Barbara County, California, 93105, United States,,,,,United States, 93105
 1206  East National Avenue, Brazil, Clay County, Indiana, 47834, United States,,,,,United States, 47834
 10500  Montgomery Road, Cincinnati, Hamilton County, Ohio, 45242, United States,,,,,United States, 45242
 211  Church Street, City of Saratoga Springs, Saratoga County, New York, 12866, United States,,,,,United States, 12866
 919  East 32nd Street, University Park, Austin, Travis County, Texas, 78705, United States,,,,United States, 78705
 921  Gessner Road, Houston, Harris County, Texas, 77024, United States,,,,,United States, 77024
 759  Chestnut Street, North End, Springfield, Hampden County, Massachusetts, 01199, United States,,,,United States, 01199
 2600  Greenwood Road, Shreveport, Caddo Parish, Louisiana, 71103, United States,,,,,United States, 71103
 601  John Street, Kalamazoo, Kalamazoo County, Michigan, 49007, United States,,,,,United States, 49007
 1906  Evans Mill Road, Woodcliff, Roanoke, Virginia, 24014, United States,,,,,United States, 24014
 3288  Moanalua Road, Moanalua Valley, Honolulu, Honolulu County, Hawaii, 96819, United States,,,,United States, 96819
 Kaylor Street  Los Alamitos, Orange County, California, 90720, United States,NotFound,,,,,United States, 90720
 355  West Chester Pike, Newtown Square, Springton Pointe Woods, Newtown Township, Delaware County, Pennsylvania, 19073, United States,,,United States, 19073
 1400  South Dobson Road, Mesa, Maricopa County, Arizona, 85202, United States,,,,,United States, 85202
 1611  Northwest 12th Avenue, Miami, Miami-Dade County, Florida, 33136, United States,,,,,United States, 33136
 3001  West Dr. Martin Luther King Jr Boulevard, Tampa, Hillsborough County, Florida, 33603, United States,,,,,United States, 33603
 4200  Houma Boulevard, Metairie, Jefferson Parish, Louisiana, 70006, United States,,,,,United States, 70006
 235  West 6th Street, Reno, Washoe County, Nevada, 89503, United States,,,,,United States, 89503
 1015  Northwest 22nd Avenue, Nob Hill, Northwest District, Portland, Multnomah County, Oregon, 97210, United States,,,United States, 97210
 1200  North Elm Street, McAdoo Heights, Greensboro, Guilford County, North Carolina, 27401, United States,,,,United States, 27401
 800  Prudential Drive, Jacksonville, Duval County, Florida, 32207, United States,,,,,United States, 32207
 55  Fogg Road, South Weymouth, Weymouth, Norfolk County, Massachusetts, 02190, United States,,,,United States, 02190
 1301  Pennsylvania Avenue, Fort Worth, Tarrant County, Texas, 76104, United States,,,,,United States, 76104
 4300  Alton Road, Miami Beach, Miami-Dade County, Florida, 33140, United States,,,,,United States, 33140
 324  Santa Fe Drive, Encinitas, San Diego County, California, 92024, United States,,,,,United States, 92024
 5501  South McColl Road, Borderland Retreat Colonia, Edinburg, Hidalgo County, Texas, 78539, United States,,,,United States, 78539
 3000  Mack Road, Fairfield, Butler County, Ohio, 45014, United States,,,,,United States, 45014
 7777  Hennessy Boulevard, Baton Rouge, East Baton Rouge Parish, Louisiana, 70808, United States,,,,,United States, 70808
 2900  1st Avenue, Huntington, Cabell County, West Virginia, 25702, United States,,,,,United States, 25702
 315  Martin Luther King Jr Way, Stadium District, Tacoma, Pierce County, Washington, 98403, United States,,,,United States, 98403
 West Curtisian Avenue  Boise Junction, Boise, Ada County, Idaho, 83704, United States,,,,,United States, 83704
 120  North Oak Street, Hinsdale, DuPage County, Illinois, 60521, United States,,,,,United States, 60521
 320  East North Avenue, Central Northside, Pittsburgh, Allegheny County, Pennsylvania, 15212, United States,,,,United States, 15212
 800  Biesterfield Road, Elk Grove Village, Elk Grove Township, Cook County, Illinois, 60007, United States,,,,United States, 60007
 800  East Dawson Street, Tyler, Smith County, Texas, 75701, United States,,,,,United States, 75701
 5721  West 119th Street, Overland Park, Johnson County, Kansas, 66209, United States,,,,,United States, 66209
 6501  Coyle Avenue, Sacramento County, California, 95608, United States,NotFound,,,,,United States, 95608
 525  East Market Street, Arlington, Akron, Summit County, Ohio, 44304, United States,,,,United States, 44304
 5165  McCarty Lane, Lafayette, Tippecanoe County, Indiana, 47905, United States,,,,,United States, 47905
 19300  Southwest 65th Avenue, Tualatin, Clackamas County, Oregon, 97062, United States,,,,,United States, 97062
 1700  South Tamiami Trail, Avondale, Sarasota, Sarasota County, Florida, 34239, United States,,,,United States, 34239
 1924  Alcoa Highway, Knoxville, Knox County, East Tennessee, Tennessee, 37920, United States,,,,United States, 37920
 7601  Osler Drive, Rodgers Forge, Towson, Baltimore County, Maryland, 21204, United States,,,,United States, 21204
 1225  North State Street, Greater Belhaven, Jackson, Hinds County, Mississippi, 39202, United States,,,,United States, 39202
 24  Hospital Avenue, Germantown, Danbury, Western Connecticut Planning Region, Connecticut, 06810, United States,,,,United States, 06810
 14561  North Outer 40, Chesterfield, Saint Louis County, Missouri, 63017, United States,,,,,United States, 63017
 1111  6th Avenue, Cheatom Park, Des Moines, Polk County, Iowa, 50314, United States,,,,United States, 50314
 5555  West Thunderbird Road, Glendale, Maricopa County, Arizona, 85306, United States,,,,,United States, 85306
 640  South State Street, Morris Estates, Dover, Kent County, Delaware, 19901, United States,,,,United States, 19901
 1214  Coolidge Street, Lafayette, Lafayette Parish, Louisiana, 70503, United States,,,,,United States, 70503
 Linwood Avenue  Werner Park, Shreveport, Caddo Parish, Louisiana, 71103, United States,,,,,United States, 71103
 300  Marriott Drive, Stonewall Orchard, Winchester, Frederick County, Virginia, 22603, United States,,,,United States, 22603
 8901  West Lincoln Avenue, Eckel Woods, West Allis, Milwaukee County, Wisconsin, 53227, United States,,,,United States, 53227
 1  Wyoming Street, South Park Historic District, Dayton, Montgomery County, Ohio, 45409, United States,,,,United States, 45409
 41  Highland Avenue, Symmes Corner, Winchester, Middlesex County, Massachusetts, 01890, United States,,,,United States, 01890
 Avenida Juan Ponce de León  Blondet, Hato Rey Sur, Universidad, San Juan, Puerto Rico, 00931, United States,,,,United States, 00931
 8200  Walnut Hill Lane, Vickery Meadows PID, Dallas, Dallas County, Texas, 75231, United States,,,,United States, 75231
 Brace Road  Evan's Mill, Tyndall Village, Cherry Hill Township, Camden County, New Jersey, 08034, United States,,,,United States, 08034
 1531  Esplanade, Chico, Butte County, California, 95926, United States,,,,,United States, 95926
 420  South 5th Avenue, West Reading, Berks County, Pennsylvania, 19611, United States,,,,,United States, 19611
 3635  Vista Avenue, Tiffany, Saint Louis, Missouri, 63110, United States,,,,,United States, 63110
 1901  Tate Springs Road, Tate Springs, Lynchburg, Virginia, 24501, United States,,,,,United States, 24501
 1600  East Broadway, Columbia, Columbia Township, Boone County, Missouri, 65201, United States,,,,United States, 65201
 303  North Clyde Morris Boulevard, Daytona Beach, Volusia County, Florida, 32114, United States,,,,,United States, 32114
 Sylvan Street  Webster, Harris County, Texas, 77598, United States,NotFound,,,,,United States, 77598
 29  Sturtevant Street, Orlando, Orange County, Florida, 32806, United States,,,,,United States, 32806
 1001  South George Street, Farquhar Estates, Spring Garden Township, York County, Pennsylvania, 17403, United States,,,,United States, 17403
 636  Del Prado Boulevard South, Cape Coral, Lee County, Florida, 33990, United States,,,,,United States, 33990
 10800  Magnolia Avenue, La Sierra, Riverside, Riverside County, California, 92505, United States,,,,United States, 92505
 18500  Katy Freeway, Houston, Harris County, Texas, 77094, United States,,,,,United States, 77094
 565  Coal Valley Road, Jefferson Hills, Allegheny County, Pennsylvania, 15025, United States,,,,,United States, 15025
 70  Dubois Street, Varick Homes, City of Newburgh, Orange County, New York, 12550, United States,,,,United States, 12550
 300  North 7th Street, Bismarck, Burleigh County, North Dakota, 58501, United States,,,,,United States, 58501
 9901  Medical Center Drive, Hunting Hill, Rockville, Montgomery County, Maryland, 20850, United States,,,,United States, 20850
 8303  Dodge Street, Omaha, Douglas County, Nebraska, 68114, United States,,,,,United States, 68114
 1  Audubon Plaza Drive, Louisville, Jefferson County, Kentucky, 40217, United States,,,,,United States, 40217
 4001  J Street, East Sacramento, Sacramento, Sacramento County, California, 95819, United States,,,,United States, 95819
 4077  5th Avenue, Hillcrest, San Diego, San Diego County, California, 92103, United States,,,,United States, 92103
 1340  Hal Greer Boulevard, Huntington, Cabell County, West Virginia, 25701, United States,,,,,United States, 25701
 7500  Mercy Road, Omaha, Douglas County, Nebraska, 68124, United States,,,,,United States, 68124
 100  Park Street, City of Glens Falls, Warren County, New York, 12801, United States,,,,,United States, 12801
 2800  Clay Edwards Drive, North Kansas City, Clay County, Missouri, 64116, United States,,,,,United States, 64116
 176  Palisade Avenue, Jersey City, Hudson County, New Jersey, 07306, United States,,,,,United States, 07306
 3100  East Fletcher Avenue, Tampa, Hillsborough County, Florida, 33613, United States,,,,,United States, 33613
 555  East Cheves Street, Florence, Florence County, South Carolina, 29505, United States,,,,,United States, 29505
 300  Halket Street, South Oakland, Pittsburgh, Allegheny County, Pennsylvania, 15213, United States,,,,United States, 15213
 Ambassador Caffery Parkway  Lafayette, Lafayette Parish, Louisiana, 70508, United States,NotFound,,,,,United States, 70508
 12401  Washington Boulevard, Whittier, Los Angeles County, California, 90602, United States,,,,,United States, 90602
 2500  North State Street, Fondren, Woodland Hills, Jackson, Hinds County, Mississippi, 39216, United States,,,United States, 39216
 155  Memorial Drive, Pinehurst, Moore County, North Carolina, 28374, United States,,,,,United States, 28374
 12221  North Mopac Expressway, The Centrum, Austin, Travis County, Texas, 78758, United States,,,,United States, 78758
 9601  Baptist Health Drive, Little Rock, Pulaski County, Arkansas, 72205, United States,,,,,United States, 72205
 1740  Nicholasville Road, WGPL, Lexington, Fayette County, Kentucky, 40503, United States,,,,United States, 40503
13681 Doctor's Way, Florida, United States,NotFound,NotFound,NotFound,,,,,United States,33912
 1001  Sam Perry Boulevard, Fredericksburg, Virginia, 22401, United States,NotFound,,,,,United States, 22401
 111  Colchester Avenue, Burlington, Chittenden County, Vermont, 05401, United States,,,,,United States, 05401
 800  North Fant Street, Anderson, Anderson County, South Carolina, 29621, United States,,,,,United States, 29621
 6071  West Outer Drive, Northwest Detroit, Detroit, Wayne County, Michigan, 48235, United States,,,,United States, 48235
 4867  West Sunset Boulevard, Los Angeles, Los Angeles County, California, 90027, United States,,,,,United States, 90027
 211  4th Street, Alexandria, Rapides Parish, Louisiana, 71301, United States,,,,,United States, 71301
 110  Crittenden Boulevard, Upper Mount Hope, City of Rochester, Monroe County, New York, 14620, United States,,,,United States, 14620
 101  West 8th Avenue, Spokane, Spokane County, Washington, 99204, United States,,,,,United States, 99204
 300  Pinellas Street, Clearwater, Pinellas County, Florida, 33756, United States,,,,,United States, 33756
 751  South Bascom Avenue, Buena Vista, Santa Clara County, California, 95128, United States,,,,,United States, 95128
 2495  Hospital Drive, Mountain View, Santa Clara County, California, 94040, United States,,,,,United States, 94040
 640  Jackson Street, Downtown, Saint Paul, Ramsey County, Minnesota, 55101, United States,,,,United States, 55101
 400  East 10th Street, Anniston, Calhoun County, Alabama, 36207, United States,,,,,United States, 36207
 2010  Health Campus Drive, Harrisonburg, Rockingham County, Virginia, 22801, United States,,,,,United States, 22801
 6161  South Yale Avenue, Warrenton, Tulsa, Tulsa County, Oklahoma, 74136, United States,,,,United States, 74136
 2720  Stone Park Boulevard, Sioux City, Woodbury County, Iowa, 51104, United States,,,,,United States, 51104
9330 State Road 54 Trinity, Florida, United States,NotFound,NotFound,NotFound,,,,,United States,34655
 6420  Clayton Avenue, Hi-Pointe, Saint Louis, Missouri, 63117, United States,,,,,United States, 63117
 1200  7th Avenue North, Methodist Town, Saint Petersburg, Pinellas County, Florida, 33713, United States,,,,United States, 33713
 744  South Webster Avenue, Astor, Green Bay, Brown County, Wisconsin, 54305, United States,,,,United States, 54305
 1235  East Cherokee Street, Meador Park, Springfield, Greene County, Missouri, 65804, United States,,,,United States, 65804
 2001  Dwight Way, LeConte, Berkeley, Alameda County, California, 94704, United States,,,,United States, 94704
 6777  West Maple Road, West Bloomfield Township, Oakland County, Michigan, 48322, United States,,,,,United States, 48322
 164  Summit Avenue, Providence, Providence County, Rhode Island, 02906, United States,,,,,United States, 02906
 470  Northeast A Street, Madras, Jefferson County, Oregon, 97741, United States,,,,,United States, 97741
 13500  Southwest 152nd Street, Miami-Dade County, Florida, 33177, United States,NotFound,,,,,United States, 33177
 100  Grand Street, Downtown New Britain, Barrio Latino, New Britain, Capitol Planning Region, Connecticut, 06052, United States,,,United States, 06052
 1011  Baldwin Park Boulevard, Baldwin Park, Los Angeles County, California, 91706, United States,,,,,United States, 91706
 1425  Portland Avenue, City of Rochester, Monroe County, New York, 14621, United States,,,,,United States, 14621
 2570  Haymaker Road, Monroe Heights, Monroeville, Allegheny County, Pennsylvania, 15146, United States,,,,United States, 15146
 3300  Northwest Expressway, Oklahoma City, Oklahoma County, Oklahoma, 73112, United States,,,,,United States, 73112
 120  East Harris Avenue, Downtown, San Angelo, Tom Green County, Texas, 76903, United States,,,,United States, 76903
 1215  East Michigan Avenue, Fairview, Lansing, Lansing Charter Township, Ingham County, Michigan, 48912, United States,,,United States, 48912
 1872  Saint Luke's Boulevard, Mount Hope, West Easton, Northampton County, Pennsylvania, 18045, United States,,,,United States, 18045
 2600  6th Street Southwest, Lincoln Heights, Canton, Stark County, Ohio, 44710, United States,,,,United States, 44710
 1401  East State Street, Rockford, Rockford Township, Winnebago County, Illinois, 61104, United States,,,,United States, 61104
 805  West Baraga Avenue, Marquette, Marquette County, Michigan, 49855, United States,,,,,United States, 49855
 1701  North George Mason Drive, Highview Park, Arlington, Arlington County, Virginia, 22207, United States,,,,United States, 22207
 17200  Saint Luke's Way, The Woodlands, Montgomery County, Texas, 77384, United States,,,,,United States, 77384
 1901  Clinch Avenue, Knoxville Central Business District, University of Tennessee, Knoxville, Knox County, East Tennessee, Tennessee, 37916, United States,,United States, 37916
 Strathern Street  Panorama City, Panorama City Neighborhood Council District, Los Angeles, Los Angeles County, California, 91402, United States,,,,United States, 91402
 1955  West Frye Road, Chandler, Maricopa County, Arizona, 85224, United States,,,,,United States, 85224
 4101  Torrance Boulevard, Torrance, Los Angeles County, California, 90503, United States,,,,,United States, 90503
 1500  Forest Glen Road, Forest Estates, Silver Spring, Montgomery County, Maryland, 20910, United States,,,,United States, 20910
 1800  East Park Avenue, State College, Centre County, Pennsylvania, 16803, United States,,,,,United States, 16803
 4000  Kresge Way, Springlee, Louisville, Jefferson County, Kentucky, 40207, United States,,,,United States, 40207
 7601  Southcrest Parkway, Southaven, DeSoto County, Mississippi, 38671, United States,,,,,United States, 38671
1600 S. 48th St, Lancaster County, Nebraska, United States,NotFound,NotFound,,,,,United States,68506
 1303  East Herndon Avenue, Fresno, Fresno County, California, 93720, United States,,,,,United States, 93720
 628  7th Street, Koele, Lalakoa, Lānaʻi City, Maui County, Hawaii, 96763, United States,,,United States, 96763
 3400  Wake Forest Road, Raleigh, Wake County, North Carolina, 27609, United States,,,,,United States, 27609
 615  North Michigan Street, South Bend, Saint Joseph County, Indiana, 46601, United States,,,,,United States, 46601
 2700  Dolbeer Street, Eureka, Humboldt County, California, 95501, United States,,,,,United States, 95501
 326  Washington Street, Norwichtown, Norwich, Southeastern Connecticut Planning Region, Connecticut, 06360, United States,,,,United States, 06360
 7435  West Talcott Avenue, Norwood Park, Chicago, Jefferson Township, Cook County, Illinois, 60631, United States,,,United States, 60631
 10401  West Thunderbird Boulevard, Sun City CDP, Sun City, Maricopa County, Arizona, 85351, United States,,,,United States, 85351
 8585  Picardy Avenue, Baton Rouge, East Baton Rouge Parish, Louisiana, 70809, United States,,,,,United States, 70809
 407  East 3rd Street, Central Hillside, Duluth, Saint Louis County, Minnesota, 55805, United States,,,,United States, 55805
 1300  Miccosukee Road, Tallahassee, Leon County, Florida, 32308, United States,,,,,United States, 32308
 2333  Biddle Avenue, Garfield, Wyandotte, Wayne County, Michigan, 48192, United States,,,,United States, 48192
 98-1079  Moanalua Road, Waimalu, Aiea, Honolulu County, Hawaii, 96701, United States,,,,United States, 96701
 3901  Northeast 4th Street, Liberty Ridge, Renton, King County, Washington, 98056, United States,,,,United States, 98056
 Neuse Boulevard  DeGraffenried Park, New Bern, Craven County, North Carolina, 28560, United States,,,,,United States, 28560
 22  Bramhall Street, West End, Portland, Cumberland County, Maine, 04102, United States,,,,United States, 04102
 123  Summer Street, Central Business District, Belmont Hill, Worcester, Worcester County, Massachusetts, 01608, United States,,,United States, 01608
 489  State Street, Bangor, Penobscot County, Maine, 04401, United States,,,,,United States, 04401
 611  Saint Joseph Avenue, Marshfield, Wood County, Wisconsin, 54449, United States,,,,,United States, 54449
 9000  Franklin Square Drive, Deerbourne, Rossville, Baltimore County, Maryland, 21237, United States,,,,United States, 21237
 3620  Howell Ferry Road, Chattawood, Duluth, Gwinnett County, Georgia, 30096, United States,,,,United States, 30096
 300  Randall Road, Geneva, Geneva Township, Kane County, Illinois, 60134, United States,,,,United States, 60134
 West Campus Drive  Raleigh, Wake County, North Carolina, 27602, United States,NotFound,,,,,United States, 27602
 3651  Wheeler Road, Augusta, Richmond County, Georgia, 30909, United States,,,,,United States, 30909
 Interstate 45 South Frontage Road  Conroe, Montgomery County, Texas, 77385, United States,NotFound,,,,,United States, 77385
 6600  Bruceville Road, Valley Hi / North Laguna, Sacramento, Sacramento County, California, 95823, United States,,,,United States, 95823
 1139  East Sonterra Boulevard, San Antonio, Bexar County, Texas, 78258, United States,,,,,United States, 78258
 815  Freeport Road, Lincoln-Lemington-Belmar, Pittsburgh, Allegheny County, Pennsylvania, 15215, United States,,,,United States, 15215
 1602  Skipwith Road, Richmond, Henrico County, Virginia, 23229, United States,,,,,United States, 23229
 1  Genesys Parkway, Genesee County, Michigan, 48439, United States,NotFound,,,,,United States, 48439
 3555  South Val Vista Drive, Gilbert, Maricopa County, Arizona, 85297, United States,,,,,United States, 85297
 4300  West Memorial Road, Oklahoma City, Oklahoma County, Oklahoma, 73120, United States,,,,,United States, 73120
 5326  Faraon Street, Saint Joseph, Buchanan County, Missouri, 64506, United States,,,,,United States, 64506
250 Pleasant St,Concord,NH,NotFound,NotFound,NotFound,United States,,,,United States,03301
 1  Hospital Drive Southwest, Westbury, Huntsville, Madison County, Alabama, 35801, United States,,,,United States, 35801
 4050  Coon Rapids Boulevard Northwest, Mercy, Coon Rapids, Anoka County, Minnesota, 55433, United States,,,,United States, 55433
 1105  Sixth Street, Kids Creek Commons, Traverse City, Grand Traverse County, Michigan, 49684, United States,,,,United States, 49684
 South Utica Place  Forest Orchard, Tulsa, Tulsa County, Oklahoma, 74120, United States,,,,,United States, 74120
 1324  Lakeland Hills Boulevard, Lakeland, Polk County, Florida, 33805, United States,,,,,United States, 33805
 UConn Health Boulevard  Oakland Gardens, Farmington, Capitol Planning Region, Connecticut, 06030, United States,,,,,United States, 06030
 1600  Eureka Road, Roseville, Placer County, California, 95661, United States,,,,,United States, 95661
 455  Toll Gate Road, Apponaug Historic District, Apponaug, Warwick, Kent County, Rhode Island, 02886, United States,,,United States, 02886
 350  7th Street North, Redevelopment Area, Naples, Collier County, Florida, 34102, United States,,,,United States, 34102
 2142  North Cove Boulevard, Ottawa, Toledo, Lucas County, Ohio, 43606, United States,,,,United States, 43606
 Jackson Street  Monroe, Ouachita Parish, Louisiana, 71201, United States,NotFound,,,,,United States, 71201
 2525  Desales Avenue, Glenwood, Ridgeside, Chattanooga, Hamilton County, East Tennessee, Tennessee, 37404, United States,,United States, 37404
 3950  Austell Road, Blue Ridge Manor, Austell, Cobb County, Georgia, 30106, United States,,,,United States, 30106
 28050  Grand River Avenue, Farmington Hills, Oakland County, Michigan, 48336, United States,,,,,United States, 48336
 13710  Saint Francis Boulevard, Brandermill Woods, Midlothian, Chesterfield County, Virginia, 23114, United States,,,,United States, 23114
 1638  Owen Drive, Bordeaux, Fayetteville, Cumberland County, North Carolina, 28304, United States,,,,United States, 28304
 1380  Medical Center Drive, Saint George, Washington County, Utah, 84790, United States,,,,,United States, 84790
 2901  Squalicum Parkway, Broadway Park Historic District, Cornwall Park, Bellingham, Whatcom County, Washington, 98225, United States,,,United States, 98225
 301  14th Street, Galveston, Galveston County, Texas, 77555, United States,,,,,United States, 77555
 2615  Chester Avenue, Bakersfield, Kern County, California, 93301, United States,,,,,United States, 93301
 5501  Old York Road, Tabor, Philadelphia, Philadelphia County, Pennsylvania, 19141, United States,,,,United States, 19141
 1801  16th Street, Greeley, Weld County, Colorado, 80631, United States,,,,,United States, 80631
 West Market Street  Lima, Allen County, Ohio, 45805, United States,NotFound,,,,,United States, 45805
 7150  Clearvista Drive, Castleton, Indianapolis, Marion County, Indiana, 46256, United States,,,,United States, 46256
 80  Seymour Street, Jefferson–Seymour Historic District, Downtown Hartford, Hartford, Connecticut, 06102, United States,,,,United States, 06102
 400  Northeast Mother Joseph Place, North Garrison Heights, Vancouver, Clark County, Washington, 98664, United States,,,,United States, 98664
 1  Spruce Street, Stamford, Western Connecticut Planning Region, Connecticut, 06904, United States,,,,,United States, 06904
 130  West Ravine Road, Cherokee Village, Kingsport, Sullivan County, East Tennessee, Tennessee, 37660, United States,,,United States, 37660
 1210  South Old Dixie Highway, Jupiter, Palm Beach County, Florida, 33458, United States,,,,,United States, 33458
 28  Crescent Street, South Farms, Middletown, Lower Connecticut River Valley Planning Region, Connecticut, 06457, United States,,,,United States, 06457
 Friendship Road  Braselton, Hall County, Georgia, 30517, United States,NotFound,,,,,United States, 30517
 1401  Foucher Street, Garden District, New Orleans, Orleans Parish, Louisiana, 70115, United States,,,,United States, 70115
 2776  Cleveland Avenue, Edison Park Historic District, Fort Myers, Lee County, Florida, 33901, United States,,,,United States, 33901
 300  Main Street, Lewiston, Androscoggin County, Maine, 04240, United States,,,,,United States, 04240
 809  82nd Parkway, Living Dunes, Myrtle Beach, Horry County, South Carolina, 29572, United States,,,,United States, 29572
 Eastex Freeway Frontage Road  Houston, Montgomery County, Texas, 77339, United States,NotFound,,,,,United States, 77339
 530  South Jackson Street, Louisville, Jefferson County, Kentucky, 40202, United States,,,,,United States, 40202
 10628  Park Road, Charlotte, Mecklenburg County, North Carolina, 28210, United States,,,,,United States, 28210
 338  East Columbia Avenue, Leesville, Batesburg-Leesville, Lexington County, South Carolina, 29070, United States,,,,United States, 29070
 1900  Columbus Avenue, Bay City, Bay County, Michigan, 48708, United States,,,,,United States, 48708
 4700  Waters Avenue, Fairfield, Savannah, Chatham County, Georgia, 31404, United States,,,,United States, 31404
 155  Wilson Avenue, Tylerdale, Washington, Washington County, Pennsylvania, 15301, United States,,,,United States, 15301
 1  Medical Park Boulevard, Bristol, Sullivan County, East Tennessee, Tennessee, 37620, United States,,,,United States, 37620
 2606  Hospital Boulevard, Corpus Christi, Nueces County, Texas, 78405, United States,,,,,United States, 78405
 600  Mary Street, Evansville, Vanderburgh County, Indiana, 47747, United States,,,,,United States, 47747
 3000  32nd Avenue, Stonebridge, Fargo, Cass County, North Dakota, 58103, United States,,,,United States, 58103
 1700  13th Street, Northwest Everett, Everett, Snohomish County, Washington, 98201, United States,,,,United States, 98201
 620  Howard Avenue, Fairview, Altoona, Blair County, Pennsylvania, 16601, United States,,,,United States, 16601
 1400  Locust Street, Bluff, Pittsburgh, Allegheny County, Pennsylvania, 15219, United States,,,,United States, 15219
 1505  West Sherman Avenue, Vineland, Cumberland County, New Jersey, 08360, United States,,,,,United States, 08360
 509  Biltmore Avenue, Asheville, Buncombe County, North Carolina, 28801, United States,,,,,United States, 28801
 400  West 16th Street, Mineral Palace, Pueblo, Pueblo County, Colorado, 81003, United States,,,,United States, 81003
 1900  Kildaire Farm Road, Cary, Wake County, North Carolina, 27512, United States,,,,,United States, 27512
 33rd Street Southeast  Charleston, Kanawha County, West Virginia, 25304, United States,NotFound,,,,,United States, 25304
 901  North Porter Avenue, Norman, Cleveland County, Oklahoma, 73071, United States,,,,,United States, 73071
 2333  Buchanan Street, Western Addition, San Francisco, California, 94115, United States,,,,,United States, 94115
 147  North Brent Street, Ventura, Ventura County, California, 93003, United States,,,,,United States, 93003
 2300  North Edward Street, Old King's Orchard, Decatur, Macon County, Illinois, 62526, United States,,,,United States, 62526
 20900  Biscayne Boulevard, Aventura, Miami-Dade County, Florida, 33180, United States,,,,,United States, 33180
 901  MacArthur Boulevard, Munster, North Township, Lake County, Indiana, 46321, United States,,,,United States, 46321
 7400  East Thompson Peak Parkway, Scottsdale, Maricopa County, Arizona, 85255, United States,,,,,United States, 85255
 150  Via Merida, Westlake Village, Ventura County, California, 91362, United States,,,,,United States, 91362
 6020  North la Cholla Boulevard, Tucson, Pima County, Arizona, 85741, United States,,,,,United States, 85741
 2157  Main Street, Parkside, Buffalo, Erie County, New York, 14214, United States,,,,United States, 14214
 777  Hemlock Street, Macon, Bibb County, Georgia, 31201, United States,,,,,United States, 31201
 1224  Trotwood Avenue, Rolling Fields, Columbia, Maury County, Middle Tennessee, Tennessee, 38401, United States,,,United States, 38401
 Medical Plaza Drive  Roseville, Placer County, California, 95661, United States,NotFound,,,,,United States, 95661
 2825  East Barnett Road, Medford, Jackson County, Oregon, 97504, United States,,,,,United States, 97504
 1165  Montgomery Drive, Santa Rosa, Sonoma County, California, 95405, United States,,,,,United States, 95405
 1900  Silver Cross Boulevard, New Lenox, Will County, Illinois, 60451, United States,,,,,United States, 60451
 11600  West 2nd Place, Lakewood, Jefferson County, Colorado, 80228, United States,,,,,United States, 80228
5016 South US Highway 75, Texas, United States,NotFound,NotFound,NotFound,,,,,United States,75020
 5353  Reynolds Street, Groveland, Kensington Park, Savannah, Chatham County, Georgia, 31405, United States,,,United States, 31405
 455  Saint Michaels Drive, Santa Fe, Santa Fe County, New Mexico, 87505, United States,,,,,United States, 87505
 3000  Coral Hills Drive, Coral Springs, Broward County, Florida, 33065, United States,,,,,United States, 33065
 North Pecan Street  Crossroads, Newport, Jackson County, Arkansas, 72112, United States,,,,,United States, 72112
 3301  Matlock Road, Arlington, Tarrant County, Texas, 76015, United States,,,,,United States, 76015
 West Newberry Road  Durant Estates, Gainesville, Alachua County, Florida, 32669, United States,,,,,United States, 32669
 12925  US 601, Midland, Cabarrus County, North Carolina, 28107, United States,,,,,United States, 28107
 25825  South Vermont Avenue, Harbor City, Harbor Pines, Los Angeles, Los Angeles County, California, 90710, United States,,,United States, 90710
 169  Riverside Drive, Westside, City of Binghamton, Broome County, New York, 13905, United States,,,,United States, 13905
 3801  Spring Street, Racine, Racine County, Wisconsin, 53132, United States,,,,,United States, 53132
 West Coolidge Avenue  Aurora, Modesto, Stanislaus County, California, 95354, United States,,,,,United States, 95354
 114  Woodland Street, Collins and Townley Streets Historic District, Hartford, Connecticut, 06105, United States,,,,,United States, 06105
 1000  West Moreno Street, Pensacola, Escambia County, Florida, 32501, United States,,,,,United States, 32501
 119  Oakfield Drive, Brandon, Hillsborough County, Florida, 33511, United States,,,,,United States, 33511
 4370  West Main Street, Bel Air, Dothan, Houston County, Alabama, 36305, United States,,,,United States, 36305
 Fillingim Street  Crichton, Mobile, Mobile County, Alabama, 36607, United States,,,,,United States, 36607
 2450  South Telshor Boulevard, Las Cruces, Doña Ana County, New Mexico, 88011, United States,,,,,United States, 88011
 25  North Winfield Road, Geneva Road, Winfield, DuPage County, Illinois, 60190, United States,,,,United States, 60190
 2723  New Salem Highway, Murfreesboro, Rutherford County, Middle Tennessee, Tennessee, 37128, United States,,,,United States, 37128
 3525  East Battlefield Road, Springfield, Greene County, Missouri, 65809, United States,,,,,United States, 65809
 215  North Avenue, Canfield Manor, Mount Clemens, Macomb County, Michigan, 48043, United States,,,,United States, 48043
 North 27th Avenue  Phoenix, Maricopa County, Arizona, 85027, United States,NotFound,,,,,United States, 85027
 601  Doctor Martin Luther King Junior Avenue Northeast, Martineztown-Santa Barbara, Downtown Albuquerque, Albuquerque, Bernalillo County, New Mexico, 87102, United States,,,United States, 87102
 500  West Broadway Street, Heart of Missoula, Missoula, Missoula County, Montana, 59802, United States,,,,United States, 59802
 100  South Rosenberger Avenue, Evansville, Vanderburgh County, Indiana, 47712, United States,,,,,United States, 47712
 7101  South Padre Island Drive, Corpus Christi, Nueces County, Texas, 78412, United States,,,,,United States, 78412
 701  Naples Drive, Melrose Park, Leyden Township, Cook County, Illinois, 60160, United States,,,,United States, 60160
 20333  West 151st Street, Olathe, Johnson County, Kansas, 66061, United States,,,,,United States, 66061
 221  Northeast Glen Oak Avenue, Roanoke-Randolph Street Historic District, Peoria, Peoria County, Illinois, 61636, United States,,,,United States, 61636
 2400  Round Rock Avenue, Old Round Rock, Round Rock, Williamson County, Texas, 78681, United States,,,,United States, 78681
 700  High Street, Park Avenue, Williamsport, Lycoming County, Pennsylvania, 17701, United States,,,,United States, 17701
 3300  Oakdale Avenue North, Robbinsdale, Hennepin County, Minnesota, 55422, United States,,,,,United States, 55422
 101  East Wood Street, Spartanburg, Spartanburg County, South Carolina, 29303, United States,,,,,United States, 29303
 809  University Boulevard East, Patton Place, Tuscaloosa, Tuscaloosa County, Alabama, 35401, United States,,,,United States, 35401
 High Street  Bowling Green, Warren County, Kentucky, 42101, United States,NotFound,,,,,United States, 42101
 8300  West 38th Avenue, Wheat Ridge, Jefferson County, Colorado, 80033, United States,,,,,United States, 80033
 2095  Henry Tecklenburg Drive, Greenwood Park, Charleston, Charleston County, South Carolina, 29414, United States,,,,United States, 29414
 2  Saint Vincent Circle, University Park, Little Rock, Pulaski County, Arkansas, 72205, United States,,,,United States, 72205
 2823  Fresno Street, Fresno, Fresno County, California, 93721, United States,,,,,United States, 93721
 3663  South Miami Avenue, Bay Heights, Miami, Miami-Dade County, Florida, 33133, United States,,,,United States, 33133
 1200  Northside Forsyth Drive, Cumming, Forsyth County, Georgia, 30041, United States,,,,,United States, 30041
 333-425  Pine Ridge Boulevard, Wausau, Marathon County, Wisconsin, 54401, United States,,,,,United States, 54401
 11750  Southwest 40th Street, Miami-Dade County, Florida, 33175, United States,NotFound,,,,,United States, 33175
 900  East Broadway Avenue, Bismarck, Burleigh County, North Dakota, 58501, United States,,,,,United States, 58501
 559  West Germantown Pike, East Norriton, East Norriton Township, Montgomery County, Pennsylvania, 19403, United States,,,,United States, 19403
 1000  South Beckham Avenue, Tyler, Smith County, Texas, 75701, United States,,,,,United States, 75701
 1453  East Bert Kouns Industrial Loop, Shreveport, Caddo Parish, Louisiana, 71105, United States,,,,,United States, 71105
 200  Pepperell Parkway, Five Points, Opelika, Lee County, Alabama, 36801, United States,,,,United States, 36801
 800  Garfield Avenue, Julia-Ann Square Historic District, Parkersburg, Wood County, West Virginia, 26101, United States,,,,United States, 26101
 1411  East 31st Street, Highland Park, Oakland, Alameda County, California, 94602, United States,,,,United States, 94602
 400  North State of Franklin Road, The Y, Johnson City, Washington County, East Tennessee, Tennessee, 37604, United States,,,United States, 37604
 Dicke Road  Fort Wayne, Allen County, Indiana, 46804, United States,NotFound,,,,,United States, 46804
 Wellness Way  Santa Fe, Santa Fe County, New Mexico, 87057, United States,NotFound,,,,,United States, 87057
 3000  Coliseum Drive, Hampton, Virginia, 23666, United States,NotFound,,,,,United States, 23666
 1086  Franklin Street, Johnstown, Cambria County, Pennsylvania, 15905, United States,,,,,United States, 15905
 5352  Linton Boulevard, Delray Beach, Palm Beach County, Florida, 33484, United States,,,,,United States, 33484
 12040  Northeast 128th Street, Kirkland, King County, Washington, 98034, United States,,,,,United States, 98034
 Rose Street  Las Vegas, Clark County, Nevada, 89106, United States,NotFound,,,,,United States, 89106
 999  San Bernardino Road, Upland, San Bernardino County, California, 91786, United States,,,,,United States, 91786
 333  North Smith Avenue, West Seventh - Fort Road, Saint Paul, Ramsey County, Minnesota, 55102, United States,,,,United States, 55102
 2845  Greenbriar Road, I-43 Business Center, Green Bay, Brown County, Wisconsin, 54311, United States,,,,United States, 54311
 800  East Carpenter Street, Springfield, Sangamon County, Illinois, 62769, United States,,,,,United States, 62769
 565  Abbott Road, RiverBend, Buffalo, Erie County, New York, 14220, United States,,,,United States, 14220
 801  West Interstate 20, Southland Acres, Arlington, Tarrant County, Texas, 76017, United States,,,,United States, 76017
1600 Wallace Blvd,Amarillo,TX,United States,NotFound,NotFound,,,,,United States,79106
 600  North Main Street, City of Frankenmuth, Saginaw County, Michigan, 48734, United States,,,,,United States, 48734
 18697  Bagley Road, Middleburg Heights, Cuyahoga County, Ohio, 44130, United States,,,,,United States, 44130
 200  Avenue F Northeast, Winter Haven, Polk County, Florida, 33881, United States,,,,,United States, 33881
 Ambulances Only  Canton, Stark County, Ohio, 44703, United States,NotFound,,,,,United States, 44703
 400  South Santa Fe Avenue, Salina, Saline County, Kansas, 67401, United States,,,,,United States, 67401
 1818  North Meade Street, Huntley Houses, Appleton, Outagamie County, Wisconsin, 54911, United States,,,,United States, 54911
 800  South Washington Avenue, Saginaw, Saginaw County, Michigan, 48601, United States,,,,,United States, 48601
 9330  Medical Plaza Drive, North Charleston, Charleston County, South Carolina, 29406, United States,,,,,United States, 29406
 5215  Holy Cross Parkway, Mishawaka, Saint Joseph County, Indiana, 46545, United States,,,,,United States, 46545
 401  15th Avenue Southeast, Puyallup, Pierce County, Washington, 98372, United States,,,,,United States, 98372
 5633  North Lidgerwood Street, Nevada Heights, Spokane, Spokane County, Washington, 99208, United States,,,,United States, 99208
 701  South Health Parkway, Three Rivers, Saint Joseph County, Michigan, 49093, United States,,,,,United States, 49093
 1  Capital Way, Pennington, Mercer County, New Jersey, 08534, United States,,,,,United States, 08534
 295  Varnum Avenue, Pawtucketville, Lowell, Middlesex County, Massachusetts, 01854, United States,,,,United States, 01854
 1000  4th Street Southwest, Mason City, Cerro Gordo County, Iowa, 50401, United States,,,,,United States, 50401
 2185  Citracado Parkway, Escondido, San Diego County, California, 92029, United States,,,,,United States, 92029
 4445  Magnolia Avenue, Riverside, Riverside County, California, 92501, United States,,,,,United States, 92501
 1800  West Charleston Boulevard, Las Vegas, Clark County, Nevada, 89102, United States,,,,,United States, 89102
 5601  De Soto Avenue, Warner Center, Los Angeles, Los Angeles County, California, 91365, United States,,,,United States, 91365
 310  Sunnyview Lane, Northridge Heights, Kalispell, Flathead County, Montana, 59901, United States,,,,United States, 59901
 232  West 25th Street, South Erie Hillside, Federal Hill, Erie, Erie County, Pennsylvania, 16544, United States,,,United States, 16544
 Main Street  Bridgeport, Greater Bridgeport Planning Region, Connecticut, 06606, United States,NotFound,,,,,United States, 06606
 Medical Drive  Bayonet Point Medical Park, Hudson, Pasco County, Florida, 34667, United States,,,,,United States, 34667
 1100  Reid Parkway, Richmond, Wayne County, Indiana, 47374, United States,,,,,United States, 47374
 5959  Park Avenue, White Station, Memphis, Shelby County, West Tennessee, Tennessee, 38119, United States,,,United States, 38119
 1201  Langhorne Newtown Road, Langhorne, Bucks County, Pennsylvania, 19047, United States,,,,,United States, 19047
 727  Hospital Drive, Shelbyville, Shelby County, Kentucky, 40065, United States,,,,,United States, 40065
 Belk Boulevard  Oxford, Lafayette County, Mississippi, 38655, United States,NotFound,,,,,United States, 38655
 888  Swift Boulevard, Richland, Benton County, Washington, 99352, United States,,,,,United States, 99352
 1111  Duff Avenue, Ames, Story County, Iowa, 50019, United States,,,,,United States, 50019
 345  Saint Paul Place, Chinatown, Downtown, Baltimore, Maryland, 21202, United States,,,,United States, 21202
 2025  Morse Avenue, Arden-Arcade, Sacramento County, California, 95825, United States,,,,,United States, 95825
1005 BROADWAY,QUINCY,IL,NotFound,NotFound,NotFound,United States,,,,United States,62301
 10800  Knights Road, Chestnut Wood Village, Philadelphia, Philadelphia County, Pennsylvania, 19114, United States,,,,United States, 19114
 4500  13th Street, Gulfport, Harrison County, Mississippi, 39501, United States,,,,,United States, 39501
 1900  Pine Street, Abilene, Taylor County, Texas, 79601, United States,,,,,United States, 79601
 1900  South Avenue, La Crosse, La Crosse County, Wisconsin, 54601, United States,,,,,United States, 54601
 1  North Wilbur Avenue, Sayre, Bradford County, Pennsylvania, 18840, United States,,,,,United States, 18840
 1500  South Lake Park Avenue, Hobart, Hobart Township, Lake County, Indiana, 46342, United States,,,,United States, 46342
 990  Oak Ridge Turnpike, Jackson Square, Oak Ridge, Anderson County, East Tennessee, Tennessee, 37831, United States,,,United States, 37831
 3100  North Tenaya Way, Las Vegas, Clark County, Nevada, 89128, United States,,,,,United States, 89128
 1500  Southwest 1st Avenue, Ocala, Marion County, Florida, 34471, United States,,,,,United States, 34471
 Providence Drive  Southfield, Oakland County, Michigan, 48075, United States,NotFound,,,,,United States, 48075
 2525  Glenn Hendren Drive, Liberty, Clay County, Missouri, 64068, United States,,,,,United States, 64068
 23 Mile Road  Macomb Township, Macomb County, Michigan, 48047, United States,NotFound,,,,,United States, 48047
 1200  North Beaver Street, Hospital Hill, Flagstaff, Coconino County, Arizona, 86001, United States,,,,United States, 86001
 11375  Cortez Boulevard, Weeki Wachee, Spring Hill, Hernando County, Florida, 34613, United States,,,,United States, 34613
 710  Lawrence Expressway, Santa Clara, Santa Clara County, California, 95051, United States,,,,,United States, 95051
 West Ironwood Drive  Blackwell, Coeur d'Alene, Kootenai County, Idaho, 83814, United States,,,,,United States, 83814
 401  Matthew Street, Riverdale, Marietta, Washington County, Ohio, 45750, United States,,,,United States, 45750
 401  South Ballenger Highway, Flint, Genesee County, Michigan, 48532, United States,,,,,United States, 48532
 920  East 1st Street, East Hillside, Duluth, Saint Louis County, Minnesota, 55804, United States,,,,United States, 55804
 300  Werner Street, Hot Springs, Garland County, Arkansas, 71913, United States,,,,,United States, 71913
 Rife Medical Lane  Rogers, Benton County, Arkansas, 72758, United States,NotFound,,,,,United States, 72758
 2000  Dan Proctor Drive, St. Marys, Camden County, Georgia, 31558, United States,,,,,United States, 31558
 2900  South Sycamore Street, Palestine, Anderson County, Texas, 75801, United States,,,,,United States, 75801
 1000  Harrington Street, Seminole Hills, Mount Clemens, Macomb County, Michigan, 48043, United States,,,,United States, 48043
 3231  Mease Drive, Safety Harbor, Pinellas County, Florida, 34695, United States,,,,,United States, 34695
 1000  36th Street, Vero Beach, Indian River County, Florida, 34960, United States,,,,,United States, 34960
 21298  Olean Boulevard, Port Charlotte, Charlotte County, Florida, 33952, United States,,,,,United States, 33952
 OHRH Walking Trail  Owensboro, Daviess County, Kentucky, 42303, United States,NotFound,,,,,United States, 42303
 624  Hospital Drive, Mountain Home, Baxter County, Arkansas, 72653, United States,,,,,United States, 72653
 500  J Clyde Morris Boulevard, Deer Park, Beaconsdale, Newport News, Virginia, 23601, United States,,,,United States, 23601
 35  Medical Center Parkway, Augusta, Kennebec County, Maine, 04330, United States,,,,,United States, 04330
 East 21st Street  San Bernardino, San Bernardino County, California, 92404, United States,NotFound,,,,,United States, 92404
 23  North Campus Drive, Fishersville, Augusta County, Virginia, 22939, United States,,,,,United States, 22939
 6101  Pine Ridge Road, Naples, Collier County, Florida, 34119, United States,,,,,United States, 34119
 1402  East County Line Road, Indianapolis, Marion County, Indiana, 46227, United States,,,,,United States, 46227
 271  Carew Street, Liberty Heights, Springfield, Hampden County, Massachusetts, 01104, United States,,,,United States, 01104
 3330  Masonic Drive, Alexandria, Rapides Parish, Louisiana, 71301, United States,,,,,United States, 71301
 250  East Dunlap Avenue, Sunnyslope, Phoenix, Maricopa County, Arizona, 85020, United States,,,,United States, 85020
 800  West 5th Avenue, Cliff–Cannon, Spokane, Spokane County, Washington, 99204, United States,,,,United States, 99204
 830  South Gloster Street, Tupelo, Lee County, Mississippi, 38801, United States,,,,,United States, 38801
 2101  Pease Street, Harlingen, Cameron County, Texas, 78550, United States,,,,,United States, 78550
 200  Memorial Avenue, Alto Vista, Westminster, Carroll County, Maryland, 21157, United States,,,,United States, 21157
 3690  Grandview Parkway, Birmingham, Jefferson County, Alabama, 35243, United States,,,,,United States, 35243
 5  Richland Medical Park Drive, Colonial Heights, Columbia, Richland County, South Carolina, 29203, United States,,,,United States, 29203
 2525  Court Drive, Gastonia, Gaston County, North Carolina, 28054, United States,,,,,United States, 28054
 1000  Bower Hill Road, Cedarhurst Manor, Pittsburgh, Allegheny County, Pennsylvania, 15243, United States,,,,United States, 15243
 Murphy Avenue  Nashville-Davidson, Davidson County, Middle Tennessee, Tennessee, 37203, United States,,,,,United States, 37203
 540  The Rialto, Venice, Sarasota County, Florida, 34285, United States,,,,,United States, 34285
 Taylor Street  Main Street District, Columbia, Richland County, South Carolina, 29220, United States,,,,,United States, 29220
 2501  Kentucky Avenue, Paducah, McCracken County, Kentucky, 42003, United States,,,,,United States, 42003
 9352  Park West Boulevard, Cedar Bluff, Knoxville, Knox County, East Tennessee, Tennessee, 37923, United States,,,United States, 37923
 34th Street  Mosswood, North Oakland, Oakland, Alameda County, California, 94609, United States,,,,United States, 94609
 907  East Lamar Alexander Parkway, Hillsdale, Maryville, Blount County, East Tennessee, Tennessee, 37804, United States,,,United States, 37804
 100  Northeast Saint Luke's Boulevard, Lee's Summit, Jackson County, Missouri, 64086, United States,,,,,United States, 64086
 8111  South Emerson Avenue, Indianapolis, Marion County, Indiana, 46237, United States,,,,,United States, 46237
 225  East Washington Avenue, Jonesboro, Craighead County, Arkansas, 72401, United States,,,,,United States, 72401
 1000  North Lee Avenue, Midtown Oklahoma City, Oklahoma City, Oklahoma County, Oklahoma, 73102, United States,,,,United States, 73102
 595  West State Street, Doylestown Township, Bucks County, Pennsylvania, 18901, United States,,,,,United States, 18901
 2175  Rosaline Avenue, Redding, Shasta County, California, 96001, United States,,,,,United States, 96001
 6644  East Baywood Avenue, Mesa, Maricopa County, Arizona, 85206, United States,,,,,United States, 85206
6051 US 49, Mississippi, United States,NotFound,NotFound,NotFound,,,,,United States,39401
 316  Calhoun Street, Charleston, Charleston County, South Carolina, 29401, United States,,,,,United States, 29401
 1  Medical Plaza Drive, Roseville, Placer County, California, 95661, United States,,,,,United States, 95661
 620  Skyline Drive, Hicksville, Jackson, Madison County, West Tennessee, Tennessee, 38301, United States,,,United States, 38301
 417  3rd Avenue West, Albany, Dougherty County, Georgia, 31701, United States,,,,,United States, 31701
 2811  Tieton Drive, Yakima, Washington, 98902, United States,NotFound,,,,,United States, 98902
 101  Sivley Road Southwest, Medical District, Longwood, Huntsville, Madison County, Alabama, 35801, United States,,,United States, 35801
 1606  North 7th Street, Terre Haute, Vigo County, Indiana, 47804, United States,,,,,United States, 47804
 1  Medical Center Boulevard, Upland, Delaware County, Pennsylvania, 19013, United States,,,,,United States, 19013
 18701  North 67th Avenue, Glendale, Maricopa County, Arizona, 85308, United States,,,,,United States, 85308
 913  North Dixie Avenue, Elizabethtown, Hardin County, Kentucky, 42701, United States,,,,,United States, 42701
 1  Hospital Way, North Butler, Butler Township, Butler County, Pennsylvania, 16001, United States,,,,United States, 16001
 200  Hawthorne Lane, Elizabeth, Charlotte, Mecklenburg County, North Carolina, 28204, United States,,,,United States, 28204
 240  Maple Avenue, Mukwonago, Town of Mukwonago, Waukesha County, Wisconsin, 53149, United States,,,,United States, 53149
 575  North River Street, North End, Wilkes-Barre, Luzerne County, Pennsylvania, 18764, United States,,,,United States, 18764
 10  Hospital Drive, Saint Peters, Saint Charles County, Missouri, 63376, United States,,,,,United States, 63376
 736  Irving Avenue, University Hill, City of Syracuse, Onondaga County, New York, 13210, United States,,,,United States, 13210
 1101  Nott Street, Union Street, City of Schenectady, Schenectady, New York, 12308, United States,,,,United States, 12308
 420  West High Street, Dowagiac, Cass County, Michigan, 49047, United States,,,,,United States, 49047
 1000  Medical Foundation Drive, West Carson, Torrance, Los Angeles County, California, 90502, United States,,,,United States, 90502
 4500  Memorial Drive, Royal Heights, Belleville, Saint Clair County, Illinois, 62226, United States,,,,United States, 62226
 1150  North Indian Canyon Drive, Old Las Palmas, Palm Springs, Riverside County, California, 92262, United States,,,,United States, 92262
 7400  East Osborn Road, Scottsdale Healthcare Osborn Medical Center Campus, Scottsdale, Maricopa County, Arizona, 85251, United States,,,,United States, 85251
 736  Cambridge Street, Bugg Village, Brighton, Boston, Suffolk County, Massachusetts, 02135, United States,,,United States, 02135
 70  Calle Santa Cruz, Juan Sánchez, Bayamón, Puerto Rico, 00959, United States,,,,,United States, 00959
 1401  West Central Park Avenue, Davenport, Scott County, Iowa, 52804, United States,,,,,United States, 52804
 3215  North Northhills Boulevard, North Hills Medical Park, Fayetteville, Washington County, Arkansas, 72703, United States,,,,United States, 72703
 Third Street  Rapid City, Pennington County, South Dakota, 57701, United States,NotFound,,,,,United States, 57701
 3151  Denny Avenue, Pascagoula, Jackson County, Mississippi, 39567, United States,,,,,United States, 39567
 2333  McCallie Avenue, Highland Park, Glenwood, Ridgeside, Chattanooga, Hamilton County, East Tennessee, Tennessee, 37404, United States, United States, 37404
 2001  West 68th Street, Hialeah, Miami-Dade County, Florida, 33015, United States,,,,,United States, 33015
 1  Atwell Road, Village of Cooperstown, Town of Otsego, Otsego County, New York, 13326, United States,,,,United States, 13326
 65  James Street, Edison Park, Edison, Middlesex County, New Jersey, 08818, United States,,,,United States, 08818
 811  South Washington Avenue, Marshall, Harrison County, Texas, 75670, United States,,,,,United States, 75670
 2211  Northeast 139th Street, Mount Vista, Fairgrounds, Vancouver, Clark County, Washington, 98686, United States,,,United States, 98686
 1600  West Avenue J, Lancaster, Los Angeles County, California, 93534, United States,,,,,United States, 93534
 350  Hospital Drive, Macon, Bibb County, Georgia, 31217, United States,,,,,United States, 31217
 3333  Springhill Drive, North Little Rock, Pulaski County, Arkansas, 72117, United States,,,,,United States, 72117
 1  Medical Center Boulevard, West Side, Cookeville, Putnam County, Middle Tennessee, Tennessee, 38501, United States,,,United States, 38501
 1700  Coffee Road, Modesto, Stanislaus County, California, 95355, United States,,,,,United States, 95355
 Bethesda Court  Winston-Salem, Forsyth County, North Carolina, 27103, United States,NotFound,,,,,United States, 27103
 17252  North Village Main Boulevard, The Villages of Five Points, Wescoats Corner, Lewes, Sussex County, Delaware, 19958, United States,,,United States, 19958
 1700  Medical Way, Snellville, Gwinnett County, Georgia, 30078, United States,,,,,United States, 30078
 2801  Colonial Drive, Margate, Broward County, Florida, 33063, United States,,,,,United States, 33063
 3719  Dauphin Street, Mobile, Mobile County, Alabama, 36608, United States,,,,,United States, 36608
 1000  Beaver, Beaver County, Pennsylvania, 15009, United States,NotFound,,,,,United States, 15009
 746  Jefferson Avenue, The Hill Section, Scranton, Lackawanna County, Pennsylvania, 18510, United States,,,,United States, 18510
 2425  Samaritan Drive, San Jose, Santa Clara County, California, 95124, United States,,,,,United States, 95124
 2010  Brookwood Medical Center Drive, Southwood, Birmingham, Jefferson County, Alabama, 35209, United States,,,,United States, 35209
 206  2nd Street East, Bradenton, Manatee County, Florida, 34208, United States,,,,,United States, 34208
 Runnymeade Avenue  Austinville, Decatur, Morgan County, Alabama, 35601, United States,,,,,United States, 35601
 Soquel Drive  Live Oak, Santa Cruz County, California, 95062, United States,NotFound,,,,,United States, 95062
 1400  East Church Street, Santa Maria, Santa Barbara County, California, 93454, United States,,,,,United States, 93454
 391  Serpentine Drive, Spartanburg, Spartanburg County, South Carolina, 29303, United States,,,,,United States, 29303
 701  Princeton Avenue Southwest, Elyton, Birmingham, Jefferson County, Alabama, 35211, United States,,,,United States, 35211
 5655  Frist Boulevard, Travis, Nashville-Davidson, Davidson County, Middle Tennessee, Tennessee, 37076, United States,,,United States, 37076
 8383  North Davis Highway, Ferry Pass, Pensacola, Escambia County, Florida, 32514, United States,,,,United States, 32514
 3300  Mercy Health Boulevard, Cincinnati, Green Township, Hamilton County, Ohio, 45211, United States,,,,United States, 45211
 3100  Channing Way, Idaho Falls, Bonneville County, Idaho, 83404, United States,,,,,United States, 83404
 410  Epting Avenue, Panola Village, Greenwood, Greenwood County, South Carolina, 29646, United States,,,,United States, 29646
 2900  Collins Road, Lansing, Ingham County, Michigan, 48910, United States,,,,,United States, 48910
 750  Morphy Avenue, Magnolia Beach, Fairhope, Baldwin County, Alabama, 36532, United States,,,,United States, 36532
